<application>
  <component name="AppStorage">
    <histories>
      <item value="Like {@link #commit} but allows the commit to be executed after an * activity's state is saved. This is dangerous because the commit can * be lost if the activity needs to later be restored from its state, so * this should only be used for cases where it is okay for the UI state * to change unexpectedly on the user." />
      <item value="Replace an existing fragment that was added to a container. This is * essentially the same as calling {@link #remove(Fragment)} for all * currently added fragments that were added with the same containerViewId * and then {@link #add(int, Fragment, String)} with the same arguments * given here. * * @param containerViewId Identifier of the container whose fragment(s) are * to be replaced. * @param fragment The new fragment to place in the container. * @param tag Optional tag name for the fragment, to later retrieve the * fragment with {@link FragmentManager#findFragmentByTag(String) * FragmentManager.findFragmentByTag(String)}. * * @return Returns the same FragmentTransaction instance." />
      <item value="parameter must be a descendant of this view" />
      <item value="Returns `true` if this char sequence is not empty and contains some characters except of whitespace characters." />
      <item value="descendant" />
      <item value="If you want to inject Dependency Injection * on your activity_withdrawal, you can override this." />
      <item value="An annotation that indicates this member should be exposed for JSON * serialization or deserialization. * * &lt;p&gt;This annotation has no effect unless you build {@link com.google.gson.Gson} * with a {@link com.google.gson.GsonBuilder} and invoke * {@link com.google.gson.GsonBuilder#excludeFieldsWithoutExposeAnnotation()} * method.&lt;/p&gt; * * &lt;p&gt;Here is an example of how this annotation is meant to be used: * &lt;p&gt;&lt;pre&gt; * public class User { * &amp;#64Expose private String firstName; * &amp;#64Expose(serialize = false) private String lastName; * &amp;#64Expose (serialize = false, deserialize = false) private String emailAddress; * private String password; * } * &lt;/pre&gt;&lt;/p&gt; * If you created Gson with {@code new Gson()}, the {@code toJson()} and {@code fromJson()} * methods will use the {@code password} field along-with {@code firstName}, {@code lastName}, * and {@code emailAddress} for serialization and deserialization. However, if you created Gson * with {@code Gson gson = new GsonBuilder().excludeFieldsWithoutExposeAnnotation().create()} * then the {@code toJson()} and {@code fromJson()} methods of Gson will exclude the * {@code password} field. This is because the {@code password} field is not marked with the * {@code @Expose} annotation. Gson will also exclude {@code lastName} and {@code emailAddress} * from serialization since {@code serialize} is set to {@code false}. Similarly, Gson will * exclude {@code emailAddress} from deserialization since {@code deserialize} is set to false. * * &lt;p&gt;Note that another way to achieve the same effect would have been to just mark the * {@code password} field as {@code transient}, and Gson would have excluded it even with default * settings. The {@code @Expose} annotation is useful in a style of programming where you want to * explicitly specify all fields that should get considered for serialization or deserialization. * * @author Inderjeet Singh * @author Joel Leitch" />
      <item value="Notifies listeners that a specific property has changed. The getter for the property * that changes should be marked with {@link Bindable} to generate a field in * &lt;code&gt;BR&lt;/code&gt; to be used as &lt;code&gt;fieldId&lt;/code&gt;. * * @param fieldId The generated BR id for the Bindable field." />
      <item value="eturns `true` if this nullable char sequence is either `null` or empty or consists solely of whitespace characte" />
      <item value="companion" />
      <item value="{@link LiveData} which publicly exposes {@link #setValue(T)} and {@link #postValue(T)} method. * * @param &lt;T&gt; The type of data hold by this instance" />
      <item value="Creates a new instance of the [Lazy] that uses the specified initialization function [initializer] * and the default thread-safety mode [LazyThreadSafetyMode.SYNCHRONIZED]. * * If the initialization of a value throws an exception, it will attempt to reinitialize the value at next access. * * Note that the returned instance uses itself to synchronize on. Do not synchronize from external code on * the returned instance as it may cause accidental deadlock. Also this behavior can be changed in the future." />
      <item value="Creates a {@link ViewModelProvider}, which retains ViewModels while a scope of given Activity * is alive. More detailed explanation is in {@link ViewModel}. * &lt;p&gt; * It uses {@link ViewModelProvider.AndroidViewModelFactory} to instantiate new ViewModels. * * @param activity an activity, in whose scope ViewModels should be retained * @return a ViewModelProvider instance" />
      <item value="The type with only one value: the `Unit` object. This type corresponds to the `void` type in Java." />
      <item value="Adds a new {@link Subscription} to this {@code CompositeSubscription} if the * {@code CompositeSubscription} is not yet unsubscribed. If the {@code CompositeSubscription} &lt;em&gt;is&lt;/em&gt; * unsubscribed, {@code add} will indicate this by explicitly unsubscribing the new {@code Subscription} as * well. *" />
      <item value="call after leaving the synchronized block so we're not holding a lock while executing this" />
      <item value="Observable" />
      <item value="ic String readBaseUrl() { return SharePreferencesUtil.getString(BaseApplication.getAppContext(), LotteryId.SAVE_BASE_URL, Constants.BASE_URL); } /** * 更新返回的 */ public void updateBaseUrl() { SharePreferencesUtil.addBoolean(BaseApplication.getAppContext(), &quot;isUpdate&quot;, true); }" />
      <item value="Base Url Change Utils" />
      <item value="If set in an Intent passed to {@link Context#startActivity Context.startActivity()}, * this flag will cause any existing task that would be associated with the * activity to be cleared before the activity is started. That is, the activity * becomes the new root of an otherwise empty task, and any old activities * are finished. This can only be used in conjunction with {@link #FLAG_ACTIVITY_NEW_TASK}. */" />
      <item value="assemble" />
      <item value="key Alias" />
      <item value="Open navigation drawer" />
      <item value="I can keep secret!" />
      <item value="You can regain your password by email." />
      <item value="Show me a cool user name!" />
      <item value="Tell me your password (be quiet!)." />
      <item value="Repeat password" />
      <item value="Returns the current animation fraction, which is the elapsed/interpolated fraction used in * the most recent frame update on the animation. * * @return Elapsed/interpolated fraction of the animation." />
      <item value="Unless required by applicable law or agreed to in writing, software * distributed under the License is distributed on an &quot;AS IS&quot; BASIS, * WITHOUT WARRANTIES OR CONDITIONS OF ANY KIND, either express or implied. * See the License for the specific language governing permissions and * limitations under the License." />
      <item value="Override" />
      <item value="Mark the area defined by the rect (l,t,r,b) as needing to be drawn. The * coordinates of the dirty rect are relative to the view. If the view is * visible, {@link #onDraw(android.graphics.Canvas)} will be called at some * point in the future. * &lt;p&gt; * This must be called from a UI thread. To call from a non-UI thread, call * {@link #postInvalidate()}. * * @param l the left position of the dirty region * @param t the top position of the dirty region * @param r the right position of the dirty region * @param b the bottom position of the dirty region * * @deprecated The switch to hardware accelerated rendering in API 14 reduced * the importance of the dirty rectangle. In API 21 the given rectangle is * ignored entirely in favor of an internally-calculated area instead. * Because of this, clients are encouraged to just call {@link #invalidate()}." />
      <item value="Mark the area defined by dirty as needing to be drawn. If the view is * visible, {@link #onDraw(android.graphics.Canvas)} will be called at some * point in the future. * &lt;p&gt; * This must be called from a UI thread. To call from a non-UI thread, call * {@link #postInvalidate()}. * &lt;p&gt; * &lt;b&gt;WARNING:&lt;/b&gt; In API 19 and below, this method may be destructive to * {@code dirty}. * * @param dirty the rectangle representing the bounds of the dirty region * * @deprecated The switch to hardware accelerated rendering in API 14 reduced * the importance of the dirty rectangle. In API 21 the given rectangle is * ignored entirely in favor of an internally-calculated area instead. * Because of this, clients are encouraged to just call {@link #invalidate()}." />
      <item value="We still need to call this method to handle the cases where performClick() was called // externally, instead of through performClickInternal()" />
      <item value="NOTE: other methods on View should not call this method directly, but performClickInternal() // instead, to guarantee that the autofill manager is notified when necessary (as subclasses // could extend this method without calling super.performClick())." />
      <item value="Call this view's OnClickListener, if it is defined. Performs all normal * actions associated with clicking: reporting accessibility event, playing * a sound, etc." />
      <item value="Duplicate class android.support.v4.os.IResultReceiver found in modules classes.jar (androidx.core:core:1.0.1) and classes.jar (com.android.support:support-compat:28.0.0)" />
      <item value="evaluating" />
      <item value="range Long" />
      <item value="range" />
      <item value="emitted" />
      <item value="Android provides a more efficient implementation of this method for Executable than the one // implemented in AnnotatedElement." />
      <item value="Represents a disposable resource." />
      <item value="Dispose the resource, the operation should be idempotent." />
      <item value="ispose the resource, the operation should be idempotent." />
      <item value="onComplete triggers the emission of the last cached item and the onComplete event." />
      <item value="Example usage: * &lt;pre&gt;&lt;code&gt; * AsyncSubject&amp;lt;Object&amp;gt; subject = AsyncSubject.create(); * * TestObserver&amp;lt;Object&amp;gt; to1 = subject.test(); * * to1.assertEmpty(); * * subject.onNext(1); * * // AsyncSubject only emits when onComplete was called. * to1.assertEmpty(); * * subject.onNext(2); * subject.onComplete(); * * // onComplete triggers the emission of the last cached item and the onComplete event. * to1.assertResult(2); * * TestObserver&amp;lt;Object&amp;gt; to2 = subject.test(); * * // late Observers receive the last cached item too * to2.assertResult(2); * &lt;/code&gt;&lt;/pre&gt; * @param &lt;T&gt; the value type" />
      <item value="TERMINATED" />
      <item value="that unsubscribes the source whenever the lifecycle emits" />
      <item value="This helper automatically determines (based on the lifecycle sequence itself) when the source * should stop emitting items. In the case that the lifecycle sequence is in the * creation phase (CREATE, START, etc) it will choose the equivalent destructive phase (DESTROY, * STOP, etc). If used in the destructive phase, the notifications will cease at the next event; * for example, if used in PAUSE, it will unsubscribe in STOP." />
    </histories>
    <option name="languageScores">
      <map>
        <entry key="CHINESE" value="93" />
        <entry key="ENGLISH" value="95" />
      </map>
    </option>
  </component>
  <component name="Settings">
    <option name="googleTranslateSettings">
      <google-translate>
        <option name="useTranslateGoogleCom" value="true" />
      </google-translate>
    </option>
    <option name="ignoreRegExp" value="" />
  </component>
</application>